{
    "properties": {
        "count": 5,
        "records": 14,
        "current_page": "1"
    },
    "notifications": [
        {
            "id": "1000000000001-01",
            "oms_id": 1000001,
            "external_id": "1000000000001-01",
            "channel_brand_id": 135,
            "channel_name": "Nike CL",
            "is_spu": false,
            "spu_id": null,
            "spu_transaction_id": null,
            "spu_from": null,
            "spu_to": null,
            "created_at": "2021-05-28 12:00:01"
        },
        {
            "id": "1000000000002-01",
            "oms_id": 1000002,
            "external_id": "1000000000002-01",
            "channel_brand_id": 135,
            "channel_name": "Nike CL",
            "is_spu": false,
            "spu_id": null,
            "spu_transaction_id": null,
            "spu_from": null,
            "spu_to": null,
            "created_at": "2021-05-28 12:00:02"
        },
        {
            "id": "1000000000003-01",
            "oms_id": 1000003,
            "external_id": "1000000000003-01",
            "channel_brand_id": 135,
            "channel_name": "Nike CL",
            "is_spu": false,
            "spu_id": null,
            "spu_transaction_id": null,
            "spu_from": null,
            "spu_to": null,
            "created_at": "2021-05-28 12:00:03"
        },
        {
            "id": "1000000000004-01",
            "oms_id": 1000004,
            "external_id": "1000000000004-01",
            "channel_brand_id": 139,
            "channel_name": "Nike CL",
            "is_spu": false,
            "spu_id": null,
            "spu_transaction_id": null,
            "spu_from": null,
            "spu_to": null,
            "created_at": "2021-05-28 12:00:04"
        },
        {
            "id": "1000000000005-01",
            "oms_id": 1000005,
            "external_id": "1000000000005-01",
            "channel_brand_id": 135,
            "channel_name": "Nike CL",
            "is_spu": false,
            "spu_id": null,
            "spu_transaction_id": null,
            "spu_from": null,
            "spu_to": null,
            "created_at": "2021-05-28 12:00:05"
        }
    ]
}