{
    "properties": {
        "count": 5,
        "records": 14,
        "current_page": "2"
    },
    "notifications": [
       {
            "id": "1000000000006-01",
            "oms_id": 1000006,
            "external_id": "1000000000006-01",
            "channel_brand_id": 135,
            "channel_name": "Nike CL",
            "is_spu": false,
            "spu_id": null,
            "spu_transaction_id": null,
            "spu_from": null,
            "spu_to": null,
            "created_at": "2021-05-28 12:00:06"
        },
        {
            "id": "1000000000007-01",
            "oms_id": 1000007,
            "external_id": "1000000000007-01",
            "channel_brand_id": 135,
            "channel_name": "Nike CL",
            "is_spu": false,
            "spu_id": null,
            "spu_transaction_id": null,
            "spu_from": null,
            "spu_to": null,
            "created_at": "2021-05-28 12:00:07"
        },
        {
            "id": "1000000000008-01",
            "oms_id": 1000008,
            "external_id": "1000000000008-01",
            "channel_brand_id": 135,
            "channel_name": "Nike CL",
            "is_spu": false,
            "spu_id": null,
            "spu_transaction_id": null,
            "spu_from": null,
            "spu_to": null,
            "created_at": "2021-05-28 12:00:08"
        },
        {
            "id": "1000000000009-01",
            "oms_id": 1000009,
            "external_id": "1000000000009-01",
            "channel_brand_id": 135,
            "channel_name": "Nike CL",
            "is_spu": false,
            "spu_id": null,
            "spu_transaction_id": null,
            "spu_from": null,
            "spu_to": null,
            "created_at": "2021-05-28 12:00:09"
        },
        {
            "id": "1000000000010-01",
            "oms_id": 1000010,
            "external_id": "1000000000010-01",
            "channel_brand_id": 135,
            "channel_name": "Nike CL",
            "is_spu": false,
            "spu_id": null,
            "spu_transaction_id": null,
            "spu_from": null,
            "spu_to": null,
            "created_at": "2021-05-28 12:00:10"
        }
    ]
}